{"weights": [5.397134511821778, 3.421115439582869], "bias": 22.499999999999915, "normalize": true, "feature_means": [3.75, 3.75], "feature_stds": [1.479019945774904, 2.165063509461097]}