{"weights": [5.483198651123985, 2.8324912302263177], "bias": 18.499999999999915, "normalize": true, "feature_means": [3.0, 2.75], "feature_stds": [1.5811388300841898, 1.479019945774904]}